title,company,Job Description
newSoftware Engineer,Wells Fargo,"Our business outside of the U.S. mostly focuses on providing banking services for large corporate, government and financial institution clients."
newSoftware Engineer Fresher – Test automation,Siemens Technology and Services Private Limited,The candidate will be responsible for the software design and development related to Siemens Motion Control software product portfolio.
newSenior software Engineer,Epsilon India,"4-year Computer Science degree or comparable experience and 5+ years professional experience.
4-year degree in Computer Science or Information Technology (or…"
newSoftware Engineer,Microsoft,"Have product sense, good understanding of the product vision and ability to design, implement, test, deliver and maintain various features in stages to reach…"
newSpecialist Software Engineer- Informatica,Société Générale,"Deliver high-quality clean code and design that can be re-used.
Develop code and test case scenarios by applying relevant software craftsmanship principles and…"
newSoftware Engineer,Fidelity Investments,"Good to have hands-on experience in designing and developing using the following technologies.
Experience with building and deploying cloud enabled applications…"
newSr Software Engineer,GE Digital,"Be responsible for defining, developing, and evolving software in a fast paced and agile development environment using the latest software development…"
newSoftware Engineering,"JPMorgan Chase Bank, N.A.","Advanced knowledge of architecture and design across all systems.
Keen understanding of financial control and budget management."
Software Engineer Trainee,Soft Suave Technologies Private Limited,"Write quality and clean code using prescribed specifications.
Execute full software development life cycle (SDLC).
Total work: 1 year (Preferred)."
newSoftware Engineer II,Honeywell,"Knowledge of software configuration management and change management practices.
Understanding various software development lifecycle."
Software Development Engineer I - Externalization,Flipkart,Develop object-oriented models and design data structures for new software projects and implement business logic and data models with a suitable class design.
newSoftware Engineer II,Medtronic,"Determines systems software design requirements.
Generates systems software engineering policies, standards and procedures."
newProfessional 1 Software Engineer,DXC Technology,"Experience working with software design principles.
Analytical and problem solving skills for design, creation and testing of software."
newSoftware Engineer (.Net),MRI Software,"Total experience 2-4 years in the software industry.
Proficient with frontend development using HTML5, CSS and any one of the modern JavaScript frameworks like…"
newSoftware Engineer,Mavenir,"Analyze requirements, create design and implement them.
Analyze requirements, create design and implement them.
Pay high attention to detail in all work."
